UserId;Name;Surname;Function;Location
1;Tony;Stark;Developer;Rotterdam
2;Peter;Parker;Developer;Rotterdam
3;Gwen;Stacy;Developer;Rotterdam
4;Miles;Morales;Developer;Rotterdam
5;Cindy;Moon;Developer;Rotterdam
6;Jessica;Jones;Developer;Rotterdam
7;Chris;Hemsworth;Developer;Rotterdam
8;Tom;Hiddleston;Developer;Rotterdam
9;Nick;Furry;Developer;Rotterdam
10;Wade;Wilson;Developer;Rotterdam
11;Jane;Foster;Developer;Rotterdam
12;Natasha;Lomanoff;Developer;Rotterdam
13;Ragnar;Lothbrok;Designer;Rotterdam
14;Lagertha ;Lothbrok;Designer;Rotterdam
15;Will;Graham;Designer;Rotterdam
16;Robert;Downey Jr.;Designer;Rotterdam
17;Stephen;Curry;Designer;Rotterdam
18;Neal;Caffrey;Designer;Rotterdam
19;Chris;Cerulli;Designer;Rotterdam
20;Chris;Evans;Designer;Rotterdam
21;Steve;Rogers;Designer;Rotterdam
22;Stephen;Strange;Designer;Rotterdam
23;Benedict;Cumberbatch;Designer;Rotterdam
24;Bilbo;Baggins;Office;Rotterdam
25;Zendaya;Coleman;Office;Rotterdam
26;Nathalie;Emmanuel;Office;Rotterdam
27;Mads;Mikkelson;Office;Rotterdam
28;Rob;Koster;Office;Rotterdam
29;Zoe;Saldana;Office;Rotterdam
30;Jason;Momoa;Office;Rotterdam
