Id, Title, Brand, Image, Price 
1,Dell Precision M6500 i7-X920 2.00GHz/16GB/256GB/AMD FirePro M7740/Win 10 Pro,Dell,https://i.ebayimg.com/thumbs/images/g/gsMAAOSwkt9c0GuQ/s-l225.jpg,$399.99 
2,HP Laptop ProBook 640 G1 Intel Core i5-4200M 2.50GHz 4GB 320GB HDD Win 10 Home,HP,https://i.ebayimg.com/thumbs/images/g/j0YAAOSwFGNcNSZ2/s-l225.jpg,$259.99 
3,Dell Latitude 7270 i7-6600U @2.6GHz 8GB RAM DDR4, 256GB SSD, GD3KPC2,Dell,https://i.ebayimg.com/thumbs/images/g/OTUAAOSwo6hc0IUR/s-l225.jpg,$332.08 
4,HP EliteBook 820 G1 12.5" Intel Dual Core i7-4600U 2.10GHz 8GB RAM 256GB SSD SIM,HP,https://i.ebayimg.com/thumbs/images/g/nmgAAOSwUxlb9FDw/s-l225.jpg,$459.99 
5,Laptop Panasonic Toughbook Rugged CF-19 MK3 2GB 160GB WIndows 7 Car Diagnostic ,Panasonic,https://i.ebayimg.com/thumbs/images/g/ZF8AAOSwbmFcZxt~/s-l225.jpg,$157.09 
6,Dell Latitude 7440 i5-4300U @1.9GHz, 4GB, Touchscreen, 1920x1080, 128GB SSD,Dell,https://i.ebayimg.com/thumbs/images/g/TW4AAOSwpsBcvgEl/s-l225.jpg,$279.00 
7,HP EliteBook 8770w WS Laptop i7-3630QM@2.40GHz 16GBRAM 500GBHDD 128GB SSD Win10,HP,https://i.ebayimg.com/thumbs/images/g/~JkAAOSw6JZc0GVe/s-l225.jpg,$375.00 
8,NEW HP 11.6" Intel Dual-Core 2.6GHz 4GB 32GB Windows 10 Streambook w/ Office 365,HP,https://i.ebayimg.com/thumbs/images/g/7EYAAOSwE~ZcCAxH/s-l225.jpg,$169.99 
9,HP Stream 14" Notebook Intel Celeron Dual core 4GB 64GB Win 10 - Blue,HP,https://i.ebayimg.com/thumbs/images/g/PU8AAOSwFlJcG66Y/s-l225.jpg,$186.99 
10,Toshiba Satellite 14" L745320GB, INTEL CORE i32.20GHz, 4GB WIN 10 ,Toshiba,https://i.ebayimg.com/thumbs/images/g/K1MAAOSwtcRb8Vnj/s-l225.jpg,$198.00 
11,Lenovo Thinkpad Yoga 20FY0002US 14‚Äù Intel i5 8GB 512GB SSD WS 10 ,Lenovo,https://i.ebayimg.com/thumbs/images/g/hC8AAOSw4shX8DUl/s-l225.jpg,$1,569.95 
12,HP ZBook 15 G4 | Laptop | Intel Xeon E3-1505M v6| 16GB RAM | 512 GB SSD | 1JD3,HP,https://i.ebayimg.com/thumbs/images/g/jW8AAOSw5LRchnG8/s-l225.jpg,$1,099.00 
13,Dell Inspiron 14R 5421 1.8GHz, 16GB, 500GB Windows 7 Office 07 14" Touchscreen ,Dell,https://i.ebayimg.com/thumbs/images/g/PPkAAOSw65FXqQDe/s-l225.jpg,$399.87 
14,Lenovo Thinkpad T420 Laptop i5-2520 2.5GHz 16GB RAM 160GB HDD Win 10 2-Yr Warr,Lenovo,https://i.ebayimg.com/thumbs/images/m/m9Qp6Now00iy_5MZwCWWZEA/s-l225.jpg,$174.99  
15,Dell Laptop 3541,Dell,https://i.ebayimg.com/thumbs/images/g/eccAAOSwptNawTTp/s-l225.jpg,$145.00 
16,Lenovo Thinkpad X1 Carbon i5-4200U 1.60Ghz 4GB Ram 256GB HDD Win 10 1600x900 #11,Lenovo,https://i.ebayimg.com/thumbs/images/g/1LMAAOSw6-Nc0Jmy/s-l225.jpg,$198.00 
17,Dell XPS 9343 13.3" Core i5-5300U 2.3GHz 256GB SSD 8GB 1920x1080 Windows 10 Pro,Dell,https://i.ebayimg.com/thumbs/images/g/cmwAAOSwOIxcZvVy/s-l225.jpg,$377.10 
18,HP Elitebook 8570p laptop Intel I7-3540m 3.0-3.7ghz 8GB 500GB Windows 10 Pro,HP,https://i.ebayimg.com/thumbs/images/g/zm0AAOSwnsRaaOZA/s-l225.jpg,$349.00 
19,Lenovo ThinkPad R500 15.4" (500GB, 2.00GHz Intel 575, 2GB) Notebook - Black,Lenovo,https://i.ebayimg.com/thumbs/images/g/1dMAAOSwCGVX3AKf/s-l225.jpg,$200.00 
20,OB Huawei Matebook X PRO 53010CBS 13.9" 3K Laptop Core i5-8250U 8GB 256GB SSD,Huawei,https://i.ebayimg.com/thumbs/images/g/ccsAAOSw61Fbsq5R/s-l225.jpg,$899.99 
21,HP Pavilion 14-ce0064st 14" Notebook, Intel i5-8Gen 8GB/DDR4 256SSD HD(D3),HP,https://i.ebayimg.com/thumbs/images/g/sYYAAOSw-RVcgASR/s-l225.jpg,$519.99 
22,NEW Asus Q304UA-BHI5T11 13.3" Laptop Core i5 2.5GHz 6GB 1TB,Asus,https://i.ebayimg.com/thumbs/images/g/TJwAAOSwB-1Y6Si6/s-l225.jpg,$949.99 
23,HP EliteBook 840 G2 i5-5300U 2.3GHz 1600x900 8GB 500GB SSD + Dock Win 10 Pro,HP,https://i.ebayimg.com/thumbs/images/g/utwAAOSwFtNcJb6d/s-l225.jpg,$305.00 
24,Dell Latitude E7240 12.5" Intel Core i7 / 2.1GHz / 8GB / 256GB SSD / Windows 10 ,Dell,https://i.ebayimg.com/thumbs/images/g/fDQAAOSwfoJbwJsR/s-l225.jpg,$300.00 
25,Dell Latitude E6530 15.6in.(250GB, Core i5 2.6GHz, 4GB) Notebook new battery/ac,Dell,https://i.ebayimg.com/thumbs/images/g/DCcAAOSwcyVck8iX/s-l225.jpg,$130.00 
26,Dell XPS 13 9370 I7-8550U 512GB PCIe 16GB 4K TOUCH IPS IR CAMERA 1YR WARRANTY,Dell,https://i.ebayimg.com/thumbs/images/g/wuUAAOSwAKxcj0OZ/s-l225.jpg,$1,098.99 
27,Dell Latitude E6500 15.4" Windows 7 Pro 32 Bit Laptop 4GB RAM 100GB NEW BATTERY,Dell,https://i.ebayimg.com/thumbs/images/g/OF8AAOSw8fRbOO-S/s-l225.jpg,$99.00 
28,Lenovo ThinkPad E440 14" Intel Core i5-4210M @2.60GHz 4GB MEM 500GB HDD Wins 10,Lenovo,https://i.ebayimg.com/thumbs/images/g/Zw0AAOSwfMlb8zn3/s-l225.jpg,$174.91 
29,Dell Latitude E7250 Laptop 2.3 GHz 12.5‚Äù Win 10 Pro 256GB SSD 4GB RAM EX Battery,Dell,https://i.ebayimg.com/thumbs/images/g/bPwAAOSwGNBc0Nzd/s-l225.jpg,$219.95 
30,HP PROBOOK 6570B 15.6 Intel Core i5 2.7GHz Max 3.4GHz 500GB 8GB WIN 7 PRO OFFICE,HP,https://i.ebayimg.com/thumbs/images/g/-v8AAOSwh6Vbhx0g/s-l225.jpg,$269.99 
31,HP EliteBook 840 G3 14" FHD DC i5-6300U 2.4GHz 8-16GB 0-512GB M.2 SSD Windows 10,HP,https://i.ebayimg.com/thumbs/images/m/mrbOM8LXfUWlGm_azFvkp8Q/s-l225.jpg,$289.99  
32,HP Pavilion 15-e028us, 15.6, AMD A6 (3.5GHZ) 4GB memory, 750GB HD,HP,https://i.ebayimg.com/thumbs/images/g/85YAAOSwUMBcEZMH/s-l225.jpg,$318.00 
33, Lenovo Thinkpad Yoga 260 20FD002DUS 12.5‚Äù Laptop i5 8GB 512GB SSD WS 10,Lenovo,https://i.ebayimg.com/thumbs/images/g/AJkAAOSwpLNX8DUk/s-l225.jpg,$1,299.95 
34,Dell Latitude E6410 Laptop Intel Core i7-640M 4GB RAM 60GB SSD Windows XP WiFi,Dell,https://i.ebayimg.com/thumbs/images/g/rwkAAOSwb79aRXEe/s-l225.jpg,$229.95 
35,Dell Latitude E6410 14.0" Laptop | 2.40GHz Core i5-i5-M520 | 4gb DDR3 | DVD-RW,Dell,https://i.ebayimg.com/thumbs/images/g/h~UAAOSw4ZNcmQkj/s-l225.jpg,$82.99 
36,HP 15.6" Touchscreen Laptop 360 TABLET Intel Core i5 1.8 Ghz 8 GB Ram 1TB HDD,HP,https://i.ebayimg.com/thumbs/images/g/BUEAAOSw7tNc0OTo/s-l225.jpg,$450.00 
37,Dell Latitude E6430 ATG 14" i7-3540M 120GB SSD 8GB Backlit KB Webcam Win 10 Pr,Dell,https://i.ebayimg.com/thumbs/images/g/ip4AAOSwFtNcVUXY/s-l225.jpg,$399.00 
38,Dell Latitude E7450 Ultrabook 14" FHD DC i5-5300U 2.3GHz 4-16GB 0-256GB Win 10,Dell,https://i.ebayimg.com/thumbs/images/m/mczUHVStabaMFXbjra-rw0Q/s-l225.jpg,$219.99  
39,CUSTOM Panasonic Toughbook CF-31 Win 7 10 ‚Ä¢ GPS ‚Ä¢ i5 2.4 ‚Ä¢ DVD-RW ‚Ä¢ Touchscreen,Panasonic,https://i.ebayimg.com/thumbs/images/m/mKIsMq8I-eLK3fF_JXOxRiA/s-l225.jpg,$699.00  
40,Asus 15.6" Touch-SCR Laptop i5-4200U 1.60GH/ 2.60GHz 12GB 2TB Upgraded NEW,Asus,https://i.ebayimg.com/thumbs/images/g/n6oAAOSwd0BVrT5e/s-l225.jpg,$979.95 
41,Dell Latitude E7470 Core i7 6600U 2.60GHz 8GB Ram 192GB SSD 1920x1080 Win 10 Pro,Dell,https://i.ebayimg.com/thumbs/images/g/WrIAAOSws-1c0JzP/s-l225.jpg,$399.95 
42,Dell Optiplex 3020M Micro Desktop Intel G1840T Dual 2.50Ghz 8GB RAM 120GB SSD,Dell,https://i.ebayimg.com/thumbs/images/g/xCEAAOSwuaBcnRkP/s-l225.jpg,$99.99 
43,HP ELITE CORE i7 (8 PROCESSOR) TURBO 3.5GHz LAPTOP w/8-16GB‚úì480GB SSD‚úì15.6" HD,HP,https://i.ebayimg.com/thumbs/images/m/mQpcGnhQ1OPK56Gnobnmgsg/s-l225.jpg,$315.00  
44,Dell Inspiron 5579 15.6" Full-HD Touch 2-in-1: i7-8550U 16GB/512SSD/BacklitKB,Dell,https://i.ebayimg.com/thumbs/images/g/4wcAAOSwQ-1byO6U/s-l225.jpg,$799.99 
45,Acer Aspire E1-51015.6" Laptop,Acer,https://i.ebayimg.com/thumbs/images/g/iLcAAOSwdzla~aUN/s-l225.jpg,$499.99 
46,Lenovo ThinkPad L520 Intel Core i3-2350M/2.30GHz /4GB/160GB HDD/DVD¬±RW/ Win 10,Lenovo,https://i.ebayimg.com/thumbs/images/g/t9QAAOSwV9Rc0P2W/s-l225.jpg,$115.00 
47,HP 15.6" Laptop i3 2.2GHZ 4GB 2TB Windows 10 (15-DA0087CL),HP,https://i.ebayimg.com/thumbs/images/g/xVYAAOSw81lcYs8t/s-l225.jpg,$329.69 
48,Panasonic toughbook CF-31 MK4 Core i5 2.7ghz 8GB 512GBBacklit Rugged Win7 CF31,Panasonic,https://i.ebayimg.com/thumbs/images/g/31UAAOSwh1paCe52/s-l225.jpg,$712.05 
49,Lenovo ThinkPad E440 14" Intel Core i5-4210M @2.60GHz 4GB MEM 500GB HDD Wins 10,Lenovo,https://i.ebayimg.com/thumbs/images/g/Zw0AAOSwfMlb8zn3/s-l225.jpg,$174.91 
50,HP EliteBook 840 G5 Intel Core i5-8350U @1.70GHz 8GB RAM256GB SSD Win 10,HP,https://i.ebayimg.com/thumbs/images/g/gTwAAOSwvqVb-M~3/s-l225.jpg,$550.00 
51,Used Dell Inspiron 15 Core i5-7200U Dual-Core 2.5GHz 8GB 1TB DVDRW15.6 Laptop W1,Dell,https://i.ebayimg.com/thumbs/images/g/wcIAAOSwHWtc0NNv/s-l225.jpg,$472.52 
52,Dell E6520 Laptop Windows10_Intel I5_ 8GB 500GB _Office 2016 PRO_Case Scratches,Dell,https://i.ebayimg.com/thumbs/images/g/SZAAAOSwfX9b-qBd/s-l225.jpg,$292.99 
53,Dell Inspiron 14R 5421 1.8GHz, 16GB, 500GB Windows 7 Office 07 14" Touchscreen ,Dell,https://i.ebayimg.com/thumbs/images/g/PPkAAOSw65FXqQDe/s-l225.jpg,$399.87 
54,Lenovo Thinkpad W541 15.6" Core i7-4810MQ 2.8GHz 8GB 500GB Win10 Quadro K1100M ,Lenovo,https://i.ebayimg.com/thumbs/images/g/3GMAAOSwBG9co7NY/s-l225.jpg,$422.10 
55,HP Stream 14 inch Laptop Intel N3060 32GB eMMC 4GB RAM Windows 10S Office 365,HP,https://i.ebayimg.com/thumbs/images/g/6RcAAOSwWrNcISQL/s-l225.jpg,$175.00 
56,OB Huawei Matebook X Pro 13.9" 53010CAJ Intel i7-8550U 512GB SSD 16GB MX150,Huawei,https://i.ebayimg.com/thumbs/images/g/CNUAAOSwAWtbsrB2/s-l225.jpg,$1,169.99 
57,Lenovo 15.6" W541 i7-4810MQ@3.8GHz(max) NVIDIA-K1100M 16GB-RAM 512GB-SSD Win-10,Lenovo,https://i.ebayimg.com/thumbs/images/m/mUxu3mhiOoUPXORq66Zl29w/s-l225.jpg,$445.00  
58,Dell Latitude E6400 Intel Core 2 2.4GHz 3GB 500GB WiFi Windows XP Pro WiFi,Dell,https://i.ebayimg.com/thumbs/images/g/ZIkAAOSwVFlT8Oo9/s-l225.jpg,$149.99 
59,RUGGED LAPTOP Panasonic *TUGHBOOK* CF-30 MK2,TOUCHSCREEN@1.6GHz*4GB*320GB*WIN7,Panasonic,https://i.ebayimg.com/thumbs/images/g/yEcAAOSwCxdaquGE/s-l225.jpg,$199.99 
60,Dell Inspiron 15 3567 15.6" Laptop Intel i3-7130U 2.7GHz 8GB 1TB Intel HD 620,Dell,https://i.ebayimg.com/thumbs/images/g/-LgAAOSwzodcQpAV/s-l225.jpg,$369.99 
61,HP Touchscreen 15.6" Laptop i5-7200U HDMI DVD-RW Customize Ram/Hard Drive Win 10,HP,https://i.ebayimg.com/thumbs/images/m/m-nDp9FtOOxibsWzxyNcJtg/s-l225.jpg,$483.99  
62,NEW Lenovo ThinkPad X1 Carbon 14" Laptop Intel Core i7 16GB Mem 20KH002RUS,Lenovo,https://i.ebayimg.com/thumbs/images/g/YNYAAOSwupBcxSsP/s-l225.jpg,$1,549.00 
63,Dell Latitude 3470 14" Laptop i5-6200U 2.3GHz 16GB DDR3 500GB HDD Win 10 B16G982,Dell,https://i.ebayimg.com/thumbs/images/g/El0AAOSwAThcSK4c/s-l225.jpg,$349.99 
64,HP Notebook-Red 15-f272wm 15.6" , Intel Pentium, 2.16GHz, 4GB, Win10 DVD üíª,HP,https://i.ebayimg.com/thumbs/images/g/fxUAAOSwZVpcrQZC/s-l225.jpg,$160.95 
65,14" HP FOLIO 9470M Intel Core i5-3437U 1.90GHz 500GB 8GB - Windows 10 Pro,HP,https://i.ebayimg.com/thumbs/images/g/Mh0AAOSw0RlbsjhC/s-l225.jpg,$146.40 
66,New Dell XPS 139380 13.3"FHD 256GB SSD, Intel Core i5 8265U 8GB Laptop,Dell,https://i.ebayimg.com/thumbs/images/g/jDUAAOSws7xc0Fgj/s-l225.jpg,$1,095.00 
67,Toshiba Satellite 14" L745320GB, INTEL CORE i32.20GHz, 4GB WIN 10 ,Toshiba,https://i.ebayimg.com/thumbs/images/g/K1MAAOSwtcRb8Vnj/s-l225.jpg,$198.00 
68,Dell Latitude E6430 Notebook,Dell,https://i.ebayimg.com/thumbs/images/m/mOhGBiudQSlNYPlPm9w0U6w/s-l225.jpg,$166.00 
69,Lenovo Thinkpad L530 / i5-3320M / 2.6GHz 8GB / 320GB HDD USED ,Lenovo,https://i.ebayimg.com/thumbs/images/g/FeoAAOSw1Rtcrk1N/s-l225.jpg,$134.95 
70,Dell Latitude 7250 i7-5600U @2.6GHz 8GB RAM, 128GB SSD, COWZT32,Dell,https://i.ebayimg.com/thumbs/images/g/hJoAAOSw~htc0Jps/s-l225.jpg,$221.96 
71,HP EliteBook 850 G5 | Intel Core i7-8650U| 8GB RAM | 256GB SSD | 3RS10UT,HP,https://i.ebayimg.com/thumbs/images/g/UuUAAOSwi7ZclsrO/s-l225.jpg,$889.00 
72, HP X360 15.6" Touchscreen 2-in-1 Laptop/Intel i3/20GB/1TB/Win10/Pen/Silver ,HP,https://i.ebayimg.com/thumbs/images/g/ewYAAOSwESRcEJlQ/s-l225.jpg,$478.88 
73,HP Chromebook 14-SMB 14" Laptop Intel Celeron N2940 1.83GHz 4GB 16GB SSD Chrome,HP,https://i.ebayimg.com/thumbs/images/g/YDEAAOSwyUpcgEd5/s-l225.jpg,$82.99 
74,NEW Asus Pro B9440UA 14" Laptop Dual Core i7-7500U 2.7GHz 16GB 512GB WS 10,Asus,https://i.ebayimg.com/thumbs/images/g/x2oAAOSw3RZaPv83/s-l225.jpg,$1,679.99 
75,Dell Latitude E6540, 15.6", Core i7-4610M 3.0GHz, 8GB, 250GB SSD ,Windows 10 Pr0,Dell,https://i.ebayimg.com/thumbs/images/g/c5cAAOSwBmJc0FSR/s-l225.jpg,$325.00 
76,Dell Latitude E7440 Core i5 14" Dual-Core 1.9GHz 500GB SSD 8GB Ultrabook,Dell,https://i.ebayimg.com/thumbs/images/m/mo49gay45P0C2lnon3DCYIQ/s-l225.jpg,$239.99  
77,Dell Latitude E6420 Intel Core i7-2760QM 2.40GHz 8GB RAM 256GB SSD Win 7 Pro ,Dell,https://i.ebayimg.com/thumbs/images/g/HbMAAOSwRXJc0DiH/s-l225.jpg,$180.00 
78,Dell Latitude E6400 Intel Core 2 Duo T9550 2.66GHz 500GB HDD Windows XP NVS 160M,Dell,https://i.ebayimg.com/thumbs/images/g/Gm8AAOSw9Ydcz4Iy/s-l225.jpg,$99.95 
79, Lenovo Thinkpad 20H1006DUS 14‚Äù E470 NoteBook Intel i5 2.5GHz 8GB 1TB WS 10,Lenovo,https://i.ebayimg.com/thumbs/images/g/AeMAAOSw~RVaRasW/s-l225.jpg,$1,249.95 
80,Lenovo Thinkpad T440 Core i5-4300U 2.5GHz HD 4GB 500GB SSHD BT FPR Win10,Lenovo,https://i.ebayimg.com/thumbs/images/g/bukAAOSwVtta~ksr/s-l225.jpg,$199.00 
81,Dell Latitude E5430 i5-3230M 2.6ghz 4GB 320GB WIN10 LAPTOP - Bad Battery,Dell,https://i.ebayimg.com/thumbs/images/g/hxkAAOSwolpcFbBA/s-l225.jpg,$119.00 
82, HP EliteBook 840 G414" Professional Laptop i5 2.5GHz 8GB 512GB SSD WS 10,HP,https://i.ebayimg.com/thumbs/images/g/YCQAAOSwdnZaPt~Q/s-l225.jpg,$1,649.95 
83, HP EliteBook x360 1030 (WIFI ONLY)13.3" Laptop i5 2.5GHz 8GB 512GB SSD,HP,https://i.ebayimg.com/thumbs/images/g/tJEAAOSw3fZaPt3Y/s-l225.jpg,$1,649.95 
84,Dell Latitude E6420 ATG Laptop i5 2.60Ghz 4GB DDR3 Windows 10 HD SSD,Dell,https://i.ebayimg.com/thumbs/images/m/m4FvJgzINe-4wwJniMALy7w/s-l225.jpg,$274.99 
85,Acer Travelmate,Acer,https://i.ebayimg.com/thumbs/images/g/xcEAAOSwuCVc0S~u/s-l225.jpg,$65.00 
86,HP Envy 13-D042NR 13.3"i7-7500U 2.5GH/z 8GB 1TB Upgrade SSD WS 10,HP,https://i.ebayimg.com/thumbs/images/g/qTEAAOSwc-tY6CV3/s-l225.jpg,$1,749.95 
87,Refurb Lenovo Ideapad 110-15ISK Core i5-6200U Dual-Core 2.3GHz 8GB 1TB15.6 LED N,Lenovo,https://i.ebayimg.com/thumbs/images/g/V4gAAOSwjXZcpkIE/s-l225.jpg,$485.15 
88,HP 15.6" Laptop i7 3.1GHz 4GB 1TB Windows 10 (15-db0031nr),HP,https://i.ebayimg.com/thumbs/images/g/68YAAOSwWN5cM26o/s-l225.jpg,$316.29 
89,Dell Latitude 7250 i7-5600U @2.6GHz 8GB RAM, 256GB SSD, Touchscreen, 2HTDH72,Dell,https://i.ebayimg.com/thumbs/images/g/DtgAAOSwnXhc0Jps/s-l225.jpg,$221.96 
90,Refurb Dell Inspiron 13 Touchscreen Core i3-7100U Dual-Core 2.4GHz 4GB 1TB13.3 F,Dell,https://i.ebayimg.com/thumbs/images/g/sEoAAOSwD55c0NVa/s-l225.jpg,$447.27 
91,Lenovo Ideapad 110-15IBR 80T7 1.60Ghz 4GB DDR3 1TB Hard Drive Windows 10,Lenovo,https://i.ebayimg.com/thumbs/images/g/c7UAAOSw6IdcUyJu/s-l225.jpg,$169.95 
92,Lenovo Thinkpad T440 Core i5-4300U 2.5GHz HD+ 4GB 500GB BT FPR Win10Pro,Lenovo,https://i.ebayimg.com/thumbs/images/g/QkQAAOSwvRpazXag/s-l225.jpg,$194.00 
93,Dell Latitude E7450, i5-5200U, 8GB RAM, 320GB SATA HDD *115,Dell,https://i.ebayimg.com/thumbs/images/g/jfEAAOSwOyxct0hp/s-l225.jpg,$179.99 
94,Custom Build Dell Latitude E6530 Laptop i5 2.90Ghz 4-8GB DDR3 Windows 10 HD SSD,Dell,https://i.ebayimg.com/thumbs/images/m/mlLo0JW4tBp3lYaoKwP8Lpw/s-l225.jpg,$199.00  
95,HP EliteBook 840 G2 Intel Core i5 2.30GHz 8G Ram Laptop [Integrated Graphics],HP,https://i.ebayimg.com/thumbs/images/g/bGQAAOSwstxctJ5u/s-l225.jpg,$124.95 
96,Dell Latitude 14 Rugged - Core I5, Rugged Industrial Laptop,Dell,https://i.ebayimg.com/thumbs/images/m/mczTnxro_0IpMgdpe5jiYaw/s-l225.jpg,$887.17  
97, HP Pavilion 15-au030nr Touch-SCRN Laptop 15.6" i7-6500HQ 2.60GH/z 16GB 1TB,HP,https://i.ebayimg.com/thumbs/images/g/QFsAAOSwAANY6GsJ/s-l225.jpg,$1,449.95 
98,Dell Inspiron 15.6" Laptop i5 2.5GHz 8GB 256GB Windows 10 (i7579-10028GRY),Dell,https://i.ebayimg.com/thumbs/images/g/PqAAAOSwWUBcQGm5/s-l225.jpg,$412.69 
99,Acer Aspire 15.6" Laptop 1.10GHz 4GB 1TB Windows 10 (ACA31532C3KK),Acer,https://i.ebayimg.com/thumbs/images/g/HJAAAOSwL8xcgqd1/s-l225.jpg,$219.59 
100,HP laptop stream 14-axoxx,HP,https://i.ebayimg.com/thumbs/images/g/baUAAOSw7Sxc0O2r/s-l225.jpg,$180.00 
101,Refurb Dell Inspiron 15 Core i5-7200U Dual-Core 2.5GHz 8GB 1TB DVDRW15.6 Laptop ,Dell,https://i.ebayimg.com/thumbs/images/g/ubkAAOSwb1Nc0NOg/s-l225.jpg,$497.77 
102,HP ELITEBOOK X360 1030 G2 | Intel Core i5-7300U | 16 GB RAM | 256 GB SSD | 2GZ76,HP,https://i.ebayimg.com/thumbs/images/g/9PAAAOSw9elcpknI/s-l225.jpg,$549.00 
103,Dell Latitude 7280 i7-7600U @2.8GHz 8GB RAM DDR4, 256GB SSD, Touchscreen TESTED,Dell,https://i.ebayimg.com/thumbs/images/g/6sIAAOSwzd5c0DcH/s-l225.jpg,$639.80 
104, Dell 5570 15.6" Laptop i7-7500U 4/8/16GB RAM 1TB HDD 500GB 1TB SSD Customize,Dell,https://i.ebayimg.com/thumbs/images/m/mjjX-MMw-ExLVrGV5t9I5YA/s-l225.jpg,$549.99  
105,HP ProBook 4720s,HP,https://i.ebayimg.com/thumbs/images/g/-VQAAOSwWkhc0DKu/s-l225.jpg,$275.00 
106,RB Dell Inspiron 13.3" FHD IPS Touch 2in1 Laptop i7-8550U 4GHz 8GB 256GB W10 ,Dell,https://i.ebayimg.com/thumbs/images/g/vDMAAOSwZ3BafRxj/s-l225.jpg,$549.99 
107,Dell Vostro 2420 - 14" Laptop Intel i3-2328M @ 2.20GHz 4GB RAM 320GB HDD Win 10,Dell,https://i.ebayimg.com/thumbs/images/g/6D4AAOSwAVNcvxbf/s-l225.jpg,$114.99 
108,HP Envy EliteBook Folio M4 4GB RAM 256 GB SSD ‚Äì Professionally tested,HP,https://i.ebayimg.com/thumbs/images/g/hYUAAOSw9ylc0MK5/s-l225.jpg,$180.00 
109,HP 15-db0599sa Full HD AMD A6-9225 4GB 1TB HDD 15.6" Burgundy Windows 10 Laptop,HP,https://i.ebayimg.com/thumbs/images/g/9TAAAOSw6fBcfuQg/s-l225.jpg,$340.39 
110,Lenovo Thinkpad T430 Core i5 2.60GHZ 8GB 256GB SSD DVD+RW Windows 10 Pro webcam,Lenovo,https://i.ebayimg.com/thumbs/images/g/kiQAAOSwX2JctMgp/s-l225.jpg,$197.85 
111,Refurb Dell Inspiron 15 Core i5-7200U Dual-Core 2.5GHz 8GB 1TB DVDRW15.6 Laptop ,Dell,https://i.ebayimg.com/thumbs/images/g/JfcAAOSwnQFc0NP~/s-l225.jpg,$486.03 
112,HP 17.3" Laptop Intel Core i3 8GB 1TB Windows 10 - Jet Black,HP,https://i.ebayimg.com/thumbs/images/g/1cUAAOSw5npcmMRG/s-l225.jpg,$389.49 
113,Customize Panasonic Toughbook CF-19 i5 2.7Ghz MK7 Touchscreen Tablet Win10,Panasonic,https://i.ebayimg.com/thumbs/images/m/mKAcGtsMnvbOXxceV1u9SqQ/s-l225.jpg,$399.99  
114,Refurb Dell Latitude E6420 i5 2520M 2.5GHz 4GB 250GB HDD Windows 7 Pro,Dell,https://i.ebayimg.com/thumbs/images/g/TTMAAOSwQcJaFKmj/s-l225.jpg,$179.99 
115,Dell Latitude 5580 15.6" FHD QC i7-7820HQ 2.9GHz 16GB DDR4 0-512GB Windows 10,Dell,https://i.ebayimg.com/thumbs/images/m/mND-UkjAKw5MOHHdIDyF1ww/s-l225.jpg,$764.99  
116,HP EliteBook x360 1020 G2 | Intel Core i5-7200U | 8GB RAM | 256GB SSD | 2UE38UT,HP,https://i.ebayimg.com/thumbs/images/g/QKMAAOSwaCVcltF2/s-l225.jpg,$589.00 
117,Dell Inspiron 15 5000 15.6" Core i5-7300HQ 2.50GHz 8GB RAM 256GB SSD 1TB HDD ,Dell,https://i.ebayimg.com/thumbs/images/g/bgwAAOSwMnZc0LMt/s-l225.jpg,$579.00 
118,Lenovo ideapad 320 15.6" Laptop, Windows 10, Intel Celeron N3350 Dual-Core Proce,Lenovo,https://i.ebayimg.com/thumbs/images/m/m5IVJjRhNbfqkhiU7HdPg1g/s-l225.jpg,$455.99  
119,Dell Latitude E6230 Laptop Intel Core i5 3340M @ 2.70GHz 500GB 4GB HDMI Win10,Dell,https://i.ebayimg.com/thumbs/images/g/cSIAAOSw6idc0IYZ/s-l225.jpg,$109.95 
120,Super Fast HP EliteBook 850 G2 Core i7 2.4GHz / 16GB / 480GB SSD /Win 10 x64 Pro,HP,https://i.ebayimg.com/thumbs/images/g/y0wAAOSwWz5b-Pq6/s-l225.jpg,$479.00 
121,HP ZBook 15 G4 | Laptop | Intel Xeon E3-1505M v6| 16GB RAM | 512 GB SSD | 1JD3,HP,https://i.ebayimg.com/thumbs/images/g/jW8AAOSw5LRchnG8/s-l225.jpg,$1,099.00 
122,Dell i5565-A973GRY-PUS 15.6" AMD A12-9700P 2.5GHz 12 GB RAM,1TB HDD,Grey,Dell,https://i.ebayimg.com/thumbs/images/g/pfAAAOSwDEBb9JsA/s-l225.jpg,$399.99 
123,Dell Latitude E5570 15.6" FHD i7-6820HQ 2.7GHz 8-16GB 0-1TB R7 M370 Windows 10 ,Dell,https://i.ebayimg.com/thumbs/images/m/mxs57RT3yeeu-qP0ySrWieg/s-l225.jpg,$669.99  
124,Dell Latitude 14 Rugged Touchscreen Laptop Core i7 8GB RAM 256GB SSD 4G Win 10,Dell,https://i.ebayimg.com/thumbs/images/g/7OUAAOSwDXFc0E4w/s-l225.jpg,$599.00 
125,Dell E5440 14" Laptop | i5-4310U | 16GB RAM | 256GB SSD | Win 10 Pro |NVIDIA ,Dell,https://i.ebayimg.com/thumbs/images/g/30kAAOSw78xc0Sbz/s-l225.jpg,$211.77 
126,Panasonic Toughbook CF-31Touch Backlit i5-520M 2.4GHz 4GB 500GB HDD WIN 10 PRO,Panasonic,https://i.ebayimg.com/thumbs/images/g/OREAAOSwHDdcyLUP/s-l225.jpg,$249.00 
127,Dell Latitude E6440 2.6 GHZ intel Core i5 500GB 4GB Laptop Windows 10 64 Camera,Dell,https://i.ebayimg.com/thumbs/images/g/rTsAAOSwSc1brAJu/s-l225.jpg,$171.53 
128,HP 15-BW033WM 15.6" (AMD A12, 2.7 GHz, 8 GB RAM, 1 TB HDD) Laptop - Blue...,HP,https://i.ebayimg.com/thumbs/images/g/pusAAOSwa29bt4Rp/s-l225.jpg,$370.00 
129,HP 15-g281nr 15.6" Laptop AMD A6-52002.0GHz 4GB 500GB Sparkling Black NEW,HP,https://i.ebayimg.com/thumbs/images/g/tg0AAOSwpbJVSRAp/s-l225.jpg,$649.95 
130,HP EliteBook Folio 1040 G2 14" FHD i5-5300U 2.3GHz 8GB 128GB SSD Windows 10,HP,https://i.ebayimg.com/thumbs/images/m/mj97_vRshtBVqQtySzgcBlQ/s-l225.jpg,$299.99 
131,Mint HP 2510p, Win7 or ChromeOS, 1.33GHz, ( HD+Battery+Charger), DVD, Office!,HP,https://i.ebayimg.com/thumbs/images/g/plUAAOSwNvRbUtqS/s-l225.jpg,$249.99 
132,HP EliteBook X360 1020 G2 Touch --- i7 7600U - 16GB Ram - 512GB SSD - IPS 1080p,HP,https://i.ebayimg.com/thumbs/images/g/pBYAAOSw1WZcs84i/s-l225.jpg,$700.00 
133,Lenovo ThinkPad T431s (i5-3337u 1.8GHz 8GB 32GB HDD Fingerprint Webcam BT Win 8),Lenovo,https://i.ebayimg.com/thumbs/images/g/b3wAAOSwGdtcxmlt/s-l225.jpg,$175.00 
134,Huawei Matebook X Pro 53010CAJ / Intel i7-8550U 16GB 512GB SSD 13.9" 3K Touch ,Huawei,https://i.ebayimg.com/thumbs/images/g/1qkAAOSwfX9b2cWX/s-l225.jpg,$1,149.99 
135,HP ProBook 450 G3 15.6" Laptop Intel Core i7 (6500U) 2.50GHz 4GB DDR4 320GB HDD,HP,https://i.ebayimg.com/thumbs/images/g/wiEAAOSwhV1cm9tu/s-l225.jpg,$415.79 
136,Dell Inspiron 15 5565 Notebook - AMD A9 - 2.40GHz, 8GB RAM, 1TB HDD, 15.6" Displ,Dell,https://i.ebayimg.com/thumbs/images/g/KLMAAOSw0F9bmZKo/s-l225.jpg,$354.17 
137,Lenovo Thinkpad T440 Laptop Core i5 1.9GHZ 4GB 500GB Windows 10 Pro x64 camera,Lenovo,https://i.ebayimg.com/thumbs/images/g/XMEAAOSwQRVbmtIB/s-l225.jpg,$157.44 
138,HP ELITEBOOK 850 G3 I5-6200U 2.30GHZ 8GB 256GB HD 520 15.6" WIN 7,HP,https://i.ebayimg.com/thumbs/images/g/X-IAAOSwnjZcQmrY/s-l225.jpg,$364.99 
139,HP EliteBook 820 G3 12.5 DC i5-6300U 2.4GHz 8-16GB DDR4 0-512GB M2 SSD Windows10,HP,https://i.ebayimg.com/thumbs/images/m/mxkfMBCm-QLtaovo7ElIGvQ/s-l225.jpg,$339.99  
140,Dell Latitude 7350 13.3" Intel M-5Y71 8GB Ram 256GB Ssd Win 10 Pro 2-in-1,Dell,https://i.ebayimg.com/thumbs/images/g/hr8AAOSwZ65cv3Af/s-l225.jpg,$223.10 
141,Orange Custom Dell Latitude 15.4" Laptop, Win 10,  Battery, WiFi, Ready to Go,Dell,https://i.ebayimg.com/thumbs/images/g/oQcAAOSwi3xcOkiz/s-l225.jpg,$189.05 
142,Lenovo Thinkpad T440 14" HD DC i5-4300U 1.9GHz 4-8GB HDD/ SSD Windows10,Lenovo,https://i.ebayimg.com/thumbs/images/m/m635ZxT1mID-F8xBwM_-Lqg/s-l225.jpg,$304.99 
143,Dell Vostro 3450 14‚Äù Laptop Core i5-2430M, 4GB RAM, 320GB HDD w/Charger,Dell,https://i.ebayimg.com/thumbs/images/g/paoAAOSwupBcq3tL/s-l225.jpg,$109.99 
144,NEW Lenovo ThinkCentre 10FW0003US M800 i7/3.4 4C 8GB 1TB Windows 10,Lenovo,https://i.ebayimg.com/thumbs/images/g/-qwAAOSwWH1b7aUI/s-l225.jpg,$895.00 
145,HP 17.3" Laptop AMD DualCore 3.60GHz 8GB Ram 1TB HD DVDRW Backlit Keyboard Win10,HP,https://i.ebayimg.com/thumbs/images/m/mQR_Wft4aNDdruMHYGxUMsw/s-l225.jpg,$399.95  
146,HP 15.6 TouchScreen Intel Pentium 2.70GHz 8GB 128GB SSD Drive DVDRW Win10 Laptop,HP,https://i.ebayimg.com/thumbs/images/m/mg8pQrU7PXaPBg-ZAQcUfYg/s-l225.jpg,$366.95 
147,Acer Aspire P3-171-6845 Intel i5-3339Y, 4GB DDR3, 60GB SSD, 11.6" Win Laptop Y36,Acer,https://i.ebayimg.com/thumbs/images/g/TcwAAOSwKbdc0J7Y/s-l225.jpg,$39.00 
148,Dell Latitude 15.6" E6510 Intel Core i5 2.40GHz 4GB DVD¬±RW Wi-Fi 160GB w/Adapter,Dell,https://i.ebayimg.com/thumbs/images/g/oEwAAOSwOyxcy-rG/s-l225.jpg,$80.00 
149,Lenovo ThinkPad T510 15" Intel i7 8 GB RAM 320 GB HDD Win 10 WiFi B Grade Laptop,Lenovo,https://i.ebayimg.com/thumbs/images/g/kskAAOSw5wJcQnwp/s-l225.jpg,$142.49 
150,HP 17.3‚Äù HD+ TouchScreen Laptop Intel Core i3 3.40GHz 8GB 1TB DVD+RW WebCam BT,HP,https://i.ebayimg.com/thumbs/images/m/mlnPQBGEqsdcV7dP2gdle5Q/s-l225.jpg,$457.95 
